GPCR Ref	AA	Position	cluster_man
N-term	M	1	6
N-term	G	2	6
N-term	Q	3	6
N-term	P	4	6
N-term	G	5	6
N-term	N	6	5
N-term	G	7	6
N-term	S	8	6
N-term	A	9	6
N-term	F	10	5
N-term	L	11	6
N-term	L	12	6
N-term	A	13	6
N-term	P	14	6
N-term	N	15	6
N-term	G	16	6
N-term	S	17	6
N-term	H	18	6
N-term	A	19	6
N-term	P	20	6
N-term	D	21	6
N-term	H	22	5
N-term	D	23	6
N-term	V	24	6
N-term	T	25	6
1.25	Q	26	6
1.26	E	27	6
1.27	R	28	6
1.28	D	29	6
1.29	E	30	6
1.3	V	31	6
1.31	W	32	5
1.32	V	33	6
1.33	V	34	5
1.34	G	35	6
1.35	M	36	3
1.36	G	37	3
1.37	I	38	3
1.38	V	39	3
1.39	M	40	3
1.4	S	41	6
1.41	L	42	3
1.42	I	43	3
1.43	V	44	6
1.44	L	45	6
1.45	A	46	6
1.46	I	47	2
1.47	V	48	3
1.48	F	49	3
1.49	G	50	6
1.5	N	51	2
1.51	V	52	3
1.52	L	53	3
1.53	V	54	3
1.54	I	55	3
1.55	T	56	5
1.56	A	57	3
1.57	I	58	3
1.58	A	59	5
1.59	K	60	1
1.6	F	61	5
12.48	E	62	6
12.49	R	63	2
12.5	L	64	1
12.51	Q	65	5
2.37	T	66	3
2.38	V	67	6
2.39	T	68	6
2.4	N	69	2
2.41	Y	70	5
2.42	F	71	1
2.43	I	72	1
2.44	T	73	5
2.45	S	74	2
2.46	L	75	2
2.47	A	76	3
2.48	C	77	3
2.49	A	78	2
2.5	D	79	2
2.51	L	80	3
2.52	V	81	3
2.53	M	82	2
2.54	G	83	2
2.55	L	84	3
2.551	A	85	3
2.56	V	86	2
2.57	V	87	3
2.58	P	88	2
2.59	F	89	3
2.6	G	90	5
2.61	A	91	3
2.62	A	92	5
2.63	H	93	5
2.64	I	94	5
2.65	L	95	5
2.66	M	96	6
2.67	K	97	6
23.49	M	98	6
23.5	W	99	2
23.51	T	100	6
23.52	F	101	3
3.21	G	102	2
3.22	N	103	6
3.23	F	104	6
3.24	W	105	3
3.25	C	106	2
3.26	E	107	5
3.27	F	108	3
3.28	W	109	3
3.29	T	110	5
3.3	S	111	3
3.31	I	112	3
3.32	D	113	2
3.33	V	114	1
3.34	L	115	3
3.35	C	116	3
3.36	V	117	2
3.37	T	118	2
3.38	A	119	2
3.39	S	120	2
3.4	I	121	1
3.41	E	122	5
3.42	T	123	3
3.43	L	124	3
3.44	C	125	3
3.45	V	126	3
3.46	I	127	1
3.47	A	128	2
3.48	V	129	3
3.49	D	130	3
3.5	R	131	3
3.51	Y	132	3
3.52	F	133	5
3.53	A	134	5
3.54	I	135	3
3.55	T	136	6
3.56	S	137	6
34.5	P	138	4
34.51	F	139	3
34.52	K	140	6
34.53	Y	141	4
34.54	Q	142	6
34.55	S	143	6
34.56	L	144	6
34.57	L	145	5
4.38	T	146	5
4.39	K	147	4
4.4	N	148	6
4.41	K	149	5
4.42	A	150	3
4.43	R	151	6
4.44	V	152	5
4.45	I	153	3
4.46	I	154	3
4.47	L	155	3
4.48	M	156	5
4.49	V	157	3
4.5	W	158	2
4.51	I	159	3
4.52	V	160	3
4.53	S	161	2
4.54	G	162	3
4.55	L	163	3
4.56	T	164	3
4.57	S	165	2
4.58	F	166	3
4.59	L	167	3
4.6	P	168	2
4.61	I	169	1
4.62	Q	170	5
4.63	M	171	5
4.64	H	172	5
ECL2	W	173	1
ECL2	Y	174	5
ECL2	R	175	5
ECL2	A	176	6
ECL2	T	177	6
ECL2	H	178	4
ECL2	Q	179	6
ECL2	E	180	6
ECL2	A	181	2
ECL2	I	182	5
ECL2	N	183	5
ECL2	C	184	2
ECL2	Y	185	1
ECL2	A	186	2
ECL2	N	187	2
ECL2	E	188	6
ECL2	T	189	6
ECL2	C	190	2
45.5	C	191	2
45.51	D	192	6
45.52	F	193	4
ECL2	F	194	6
ECL2	T	195	6
5.36	N	196	4
5.37	Q	197	6
5.38	A	198	6
5.39	Y	199	1
5.4	A	200	6
5.41	I	201	4
5.42	A	202	3
5.43	S	203	2
5.44	S	204	2
5.45	I	205	5
5.46	V	206	5
5.461	S	207	2
5.47	F	208	1
5.48	Y	209	3
5.49	V	210	5
5.5	P	211	2
5.51	L	212	3
5.52	V	213	3
5.53	I	214	3
5.54	M	215	1
5.55	V	216	3
5.56	F	217	6
5.57	V	218	5
5.58	Y	219	3
5.59	S	220	6
5.6	R	221	4
5.61	V	222	1
5.62	F	223	5
5.63	Q	224	6
5.64	E	225	5
5.65	A	226	3
5.66	K	227	5
5.67	R	228	5
5.68	Q	229	3
5.69	L	230	5
5.7	Q	231	5
5.71	K	232	6
5.72	I	233	4
5.73	D	234	6
5.74	K	235	5
5.75	S	236	5
5.76	E	237	6
ICL3	G	238	6
ICL3	R	239	6
ICL3	F	240	5
ICL3	H	241	6
ICL3	V	242	6
ICL3	Q	243	6
ICL3	N	244	6
ICL3	L	245	6
ICL3	S	246	6
ICL3	Q	247	6
ICL3	V	248	6
ICL3	E	249	6
ICL3	Q	250	6
ICL3	D	251	6
ICL3	G	252	6
ICL3	R	253	5
ICL3	T	254	6
ICL3	G	255	6
ICL3	R	256	6
ICL3	G	257	6
ICL3	L	258	5
ICL3	R	259	6
ICL3	R	260	6
ICL3	S	261	5
6.24	S	262	6
6.25	K	263	6
6.26	F	264	5
6.27	C	265	6
6.28	L	266	6
6.29	K	267	6
6.3	E	268	6
6.31	H	269	6
6.32	K	270	4
6.33	A	271	4
6.34	L	272	5
6.35	K	273	5
6.36	T	274	6
6.37	L	275	3
6.38	G	276	3
6.39	I	277	3
6.4	I	278	3
6.41	M	279	3
6.42	G	280	3
6.43	T	281	3
6.44	F	282	3
6.45	T	283	3
6.46	L	284	3
6.47	C	285	3
6.48	W	286	2
6.49	L	287	3
6.5	P	288	2
6.51	F	289	1
6.52	F	290	1
6.53	I	291	3
6.54	V	292	3
6.55	N	293	4
6.56	I	294	4
6.57	V	295	3
6.58	H	296	6
6.59	V	297	6
6.6	I	298	5
6.61	Q	299	6
ECL3	D	300	6
ECL3	N	301	6
ECL3	L	302	6
ECL3	I	303	4
7.3	R	304	6
7.31	K	305	6
7.32	E	306	5
7.33	V	307	6
7.34	Y	308	4
7.35	I	309	5
7.36	L	310	6
7.37	L	311	3
7.38	N	312	2
7.39	W	313	1
7.4	I	314	3
7.41	G	315	2
7.42	Y	316	1
7.43	V	317	3
7.45	N	318	2
7.46	S	319	2
7.47	G	320	3
7.48	F	321	1
7.49	N	322	2
7.5	P	323	2
7.51	L	324	3
7.52	I	325	1
7.53	Y	326	1
7.54	C	327	3
7.55	R	328	5
8.47	S	329	5
8.48	P	330	6
8.49	D	331	5
8.5	F	332	1
8.51	R	333	5
8.52	I	334	6
8.53	A	335	3
8.54	F	336	3
8.55	Q	337	5
8.56	E	338	5
8.57	L	339	3
8.58	L	340	3
8.59	C	341	6
C-term	L	342	6
C-term	R	343	6
C-term	R	344	6
C-term	S	345	6
C-term	S	346	6
C-term	L	347	6
C-term	K	348	6
C-term	A	349	6
C-term	Y	350	6
C-term	G	351	6
C-term	N	352	6
C-term	G	353	6
C-term	Y	354	6
C-term	S	355	6
C-term	S	356	6
C-term	N	357	6
C-term	G	358	6
C-term	N	359	6
C-term	T	360	5
C-term	G	361	6
C-term	E	362	6
C-term	Q	363	6
C-term	S	364	6
C-term	G	365	6
C-term	Y	366	6
C-term	H	367	6
C-term	V	368	6
C-term	E	369	5
C-term	Q	370	6
C-term	E	371	6
C-term	K	372	6
C-term	E	373	5
C-term	N	374	6
C-term	K	375	6
C-term	L	376	6
C-term	L	377	6
C-term	C	378	6
C-term	E	379	6
C-term	D	380	6
C-term	L	381	6
C-term	P	382	6
C-term	G	383	6
C-term	T	384	5
C-term	E	385	6
C-term	D	386	6
C-term	F	387	6
C-term	V	388	6
C-term	G	389	6
C-term	H	390	6
C-term	Q	391	6
C-term	G	392	6
C-term	T	393	6
C-term	V	394	6
C-term	P	395	6
C-term	S	396	6
C-term	D	397	6
C-term	N	398	6
C-term	I	399	6
C-term	D	400	5
C-term	S	401	6
C-term	Q	402	6
C-term	G	403	6
C-term	R	404	6
C-term	N	405	6
C-term	C	406	6
C-term	S	407	6
C-term	T	408	6
C-term	N	409	6
C-term	D	410	5
C-term	S	411	6
C-term	L	412	6
C-term	L	413	6